title,company,location,is_wfh,stipend,stipend_min,stipend_max,duration,posted,link
Marketing,Careers360,Work from home,Yes,"₹ 15,150 lump sum",15150,15150,N/A,N/A,https://internshala.com/internship/detail/work-from-home-marketing-internship-at-careers3601777008002
Social Media Community & Growth Associate,StoryMirror Infotech Private Limited,Mumbai,No,"₹ 8,000 - 12,000 /month",8000,12000,N/A,N/A,https://internshala.com/internship/detail/social-media-community-growth-associate-internship-in-mumbai-at-storymirror-infotech-private-limited1776929634
Human Resources (HR),Absolute People Screen Private Limited,"Faridabad, Ghaziabad, Gurgaon, Delhi, Noida, Najafgarh",No,"₹ 11,000 - 14,000 /month",11000,14000,N/A,N/A,https://internshala.com/internship/detail/human-resources-hr-internship-in-multiple-locations-at-absolute-people-screen-private-limited1776920132
Business Development (Sales),Unibridges,Delhi,No,"₹ 28,000 - 35,000 lump sum",28000,35000,N/A,N/A,https://internshala.com/internship/detail/business-development-sales-internship-in-delhi-at-unibridges1776947067
Law/Legal,JPL Legal,Delhi,No,"₹ 2,000 /month",2000,2000,N/A,N/A,https://internshala.com/internship/detail/law-legal-internship-in-delhi-at-jpl-legal1776855044
Telecalling,Unibridges,Delhi,No,"₹ 7,500 - 12,000 /month",7500,12000,N/A,N/A,https://internshala.com/internship/detail/telecalling-internship-in-delhi-at-unibridges1776945333
Campus Ambassador,AuroSkill Ventures Private Limited,Bangalore,No,Performance Based,0,0,N/A,N/A,https://internshala.com/internship/detail/campus-ambassador-programme-at-auroskill-ventures-private-limited1776754599
Chief Fundraising Officer,I Educate Myself Daily Foundation,Kolkata,No,"₹ 95,000 - 1,00,000 /month",95000,100000,N/A,N/A,https://internshala.com/internship/detail/chief-fundraising-officer-internship-in-kolkata-at-i-educate-myself-daily-foundation1776763147
Telecalling,Fusion Beauty,"Delhi, Noida",No,"₹ 10,000 - 15,000 /month",10000,15000,N/A,N/A,https://internshala.com/internship/detail/telecalling-internship-in-multiple-locations-at-fusion-beauty1776781546
Production Development,Rever Industries,Nashik,No,"₹ 6,000 - 10,000 /month",6000,10000,N/A,N/A,https://internshala.com/internship/detail/production-development-internship-in-nashik-at-rever-industries1777003637
Creative/Production/Marketing,Red Chillies Entertainments,Mumbai,No,"₹ 10,000 - 15,000 /month",10000,15000,N/A,N/A,https://internshala.com/internship/detail/creative-production-marketing-internship-in-mumbai-at-red-chillies-entertainments1777003492
English - Subject Matter Expert (SME),Arihant Publications,"Delhi, Ghaziabad, Noida",No,"₹ 10,000 - 12,000 /month",10000,12000,N/A,N/A,https://internshala.com/internship/detail/english-subject-matter-expert-sme-internship-in-multiple-locations-at-arihant-publications1776830532
Science - Subject Matter Expert (SME),Arihant Publications,"Delhi, Ghaziabad, Noida",No,"₹ 8,000 - 12,000 /month",8000,12000,N/A,N/A,https://internshala.com/internship/detail/science-subject-matter-expert-sme-internship-in-multiple-locations-at-arihant-publications1776830483
Hindi - Subject Matter Expert (SME),Arihant Publications,"Delhi, Ghaziabad, Noida",No,"₹ 10,000 - 12,000 /month",10000,12000,N/A,N/A,https://internshala.com/internship/detail/hindi-subject-matter-expert-sme-internship-in-multiple-locations-at-arihant-publications1776830722
Social Studies - Subject Matter Expert (SME),Arihant Publications,"Delhi, Ghaziabad, Noida",No,"₹ 10,000 - 12,000 /month",10000,12000,N/A,N/A,https://internshala.com/internship/detail/social-studies-subject-matter-expert-sme-internship-in-multiple-locations-at-arihant-publications1776830507
Maths - Subject Matter Expert (SME),Arihant Publications,"Delhi, Ghaziabad, Noida",No,"₹ 10,000 - 12,000 /month",10000,12000,N/A,N/A,https://internshala.com/internship/detail/maths-subject-matter-expert-sme-internship-in-multiple-locations-at-arihant-publications1776830453
"Research - Mangrove Conservation Project, WWF-India, MSO",WWF-India,"Palghar, Thane, Navi Mumbai, Mumbai",No,"₹ 8,000 - 10,000 /month",8000,10000,N/A,N/A,https://internshala.com/internship/detail/research-mangrove-conservation-project-wwf-india-mso-internship-in-multiple-locations-at-wwf-india1776851261
Car Expert,Cars24 Services Private Limited,"Faridabad, Delhi",No,"₹ 10,000 - 15,000 /month",10000,15000,N/A,N/A,https://internshala.com/internship/detail/car-expert-internship-in-multiple-locations-at-cars24-services-private-limited1776852395
Marketing,W&D Lifestyle Private Limited,"Pune, Mumbai",No,"₹ 10,000 - 15,000 /month",10000,15000,N/A,N/A,https://internshala.com/internship/detail/part-time-marketing-internship-in-multiple-locations-at-malpani-group1776953149
CRM-Possession Executive,TATA Realty And Infrastructure Limited,Bahadurgarh,No,"₹ 15,000 - 25,000 /month",15000,25000,N/A,N/A,https://internshala.com/internship/detail/crm-possession-executive-internship-in-bahadurgarh-at-tata-realty-and-infrastructure-limited1776951148
Human Resources (HR),Job Mantra,Patna,No,"₹ 7,500 - 30,000 /month",7500,30000,N/A,N/A,https://internshala.com/internship/detail/human-resources-hr-internship-in-patna-at-job-mantra1776927252
Social Media Marketing,Anshuman Tours And Travel,"Ghaziabad, Greater Noida, Noida",No,"₹ 8,000 - 15,000 /month",8000,15000,N/A,N/A,https://internshala.com/internship/detail/part-time-social-media-marketing-internship-in-multiple-locations-at-anshuman-tours-and-travel1776848182
Mechanical Engineering,Spacewood Furnishers Pvt Ltd,Nagpur,No,"₹ 16,500 - 20,500 /month",16500,20500,N/A,N/A,https://internshala.com/internship/detail/mechanical-engineering-internship-in-nagpur-at-spacewood-furnishers-pvt-ltd1776847953
E-Commerce Listing,JADES,Mumbai,No,"₹ 6,000 - 8,000 /month",6000,8000,N/A,N/A,https://internshala.com/internship/detail/e-commerce-listing-internship-in-mumbai-at-jades1776835149
Business Development (Sales),Stellar Innovations Private Limited,Bangalore,No,"₹ 10,000 /month",10000,10000,N/A,N/A,https://internshala.com/internship/detail/business-development-sales-internship-in-bangalore-at-stellar-innovations-private-limited1776831930
Marketing,Pittie Group,Navi Mumbai,No,"₹ 4,000 - 7,000 /month",4000,7000,N/A,N/A,https://internshala.com/internship/detail/marketing-internship-in-navi-mumbai-at-pittie-group1776769198
Video Editing/Making,Square Business Services Pvt Ltd,Hyderabad,No,"₹ 10,000 - 15,000 /month",10000,15000,N/A,N/A,https://internshala.com/internship/detail/video-editing-making-internship-in-hyderabad-at-square-business-services-pvt-ltd1776758510
Digital Marketing,Me1 Marketing,Varanasi,No,"₹ 5,000 - 8,000 /month",5000,8000,N/A,N/A,https://internshala.com/internship/detail/digital-marketing-internship-in-varanasi-at-me1-marketing1776654059
Training Facilitator – Investment Banking,Institute Of Digital Risk,Work from home,Yes,"₹ 15,000 - 25,000 /month",15000,25000,N/A,N/A,https://internshala.com/internship/detail/work-from-home-training-facilitator--investment-banking-internship-at-institute-of-digital-risk1777024319
Artificial Intelligence (AI),Zycus InfoTech,Mumbai,No,"₹ 25,000 /month",25000,25000,N/A,N/A,https://internshala.com/internship/detail/artificial-intelligence-ai-internship-in-mumbai-at-zycus-infotech1777012321
Sales,Angel One (AP),Work from home,Yes,"₹ 2,000 - 20,000 /month",2000,20000,N/A,N/A,https://internshala.com/internship/detail/work-from-home-part-time-sales-internship-at-angel-one-ap1776935730
Business Development (Sales),Angel One (AP),Work from home,Yes,"₹ 2,000 - 20,000 /month",2000,20000,N/A,N/A,https://internshala.com/internship/detail/work-from-home-business-development-sales-internship-at-angel-one-ap1776935256
Inside Sales,Angel One (AP),Work from home,Yes,"₹ 2,000 - 20,000 /month",2000,20000,N/A,N/A,https://internshala.com/internship/detail/work-from-home-inside-sales-internship-at-angel-one-ap1776930891
Content Acquisition,Hungama Digital Media Entertainment Private Limited,Mumbai,No,"₹ 5,000 /month",5000,5000,N/A,N/A,https://internshala.com/internship/detail/content-acquisition-internship-in-mumbai-at-hungama-digital-media-entertainment-private-limited1776929381
Content Writing,Hungama Digital Media Entertainment Private Limited,Mumbai,No,"₹ 5,000 /month",5000,5000,N/A,N/A,https://internshala.com/internship/detail/content-writing-internship-in-mumbai-at-hungama-digital-media-entertainment-private-limited1776928742
Finance & Accounting,MJSN & Co LLP,Gurgaon,No,"₹ 8,000 - 12,000 /month",8000,12000,N/A,N/A,https://internshala.com/internship/detail/finance-accounting-internship-in-gurgaon-at-mjsn-co-llp1776928032
Digital Marketing – LinkedIn Marketing,Institute Of Digital Risk,Work from home,Yes,"₹ 15,000 - 20,000 /month",15000,20000,N/A,N/A,https://internshala.com/internship/detail/work-from-home-digital-marketing--linkedin-marketing-internship-at-institute-of-digital-risk1776855367
"Outreach: Mangrove Conservation Project, WWF-India, MSO",WWF-India,"Thane, Navi Mumbai, Mumbai",No,"₹ 8,000 - 10,000 /month",8000,10000,N/A,N/A,https://internshala.com/internship/detail/outreach-mangrove-conservation-project-wwf-india-mso-internship-in-multiple-locations-at-wwf-india1776852549
Business Strategy,Foundit India (formerly Monster APAC & ME),Noida,No,"₹ 15,000 - 20,000 /month",15000,20000,N/A,N/A,https://internshala.com/internship/detail/business-strategy-internship-in-noida-at-foundit-india-formerly-monster-apac-me1776839762
Computer Science (AI) - Subject Matter Expert (SME),Arihant Publications,"Ghaziabad, Greater Noida, Noida",No,"₹ 10,000 - 12,000 /month",10000,12000,N/A,N/A,https://internshala.com/internship/detail/computer-science-ai-subject-matter-expert-sme-internship-in-multiple-locations-at-arihant-publications1776830747
Sales and Marketing,Pinnacle Teleservices Private Limited,"Chennai, Gurgaon, Pune, Hyderabad, Mumbai, Bangalore",No,"₹ 10,000 - 15,000 /month",10000,15000,N/A,N/A,https://internshala.com/internship/detail/sales-and-marketing-internship-in-multiple-locations-at-pinnacle-teleservices-private-limited1776785257
MERN Stack Development,FileSure India Private Limited,Work from home,Yes,"₹ 5,000 /month",5000,5000,N/A,N/A,https://internshala.com/internship/detail/work-from-home-mern-stack-development-internship-at-filesure-india-private-limited1776781272
Generative AI Content Creator,Greater Than Educational Technologies,Hyderabad,No,"₹ 15,000 - 25,000 /month",15000,25000,N/A,N/A,https://internshala.com/internship/detail/generative-ai-content-creator-internship-in-hyderabad-at-greater-than-educational-technologies1776751666
Human Resources (HR),Team Management Services (TMS),"Thane, Navi Mumbai, Dombivli, Kalyan, Mumbai, Sion Koliwada, Kurla",No,"₹ 7,000 - 10,000 /month",7000,10000,N/A,N/A,https://internshala.com/internship/detail/human-resources-hr-internship-in-multiple-locations-at-team-management-services-tms1776744229
Industrial And Production Engineering,Belrise Industries Limited,Sriperumbudur,No,"₹ 10,000 /month",10000,10000,N/A,N/A,https://internshala.com/internship/detail/industrial-and-production-engineering-internship-in-sriperumbudur-at-belrise-industries-limited1776670572
CA Article Assistant,Malkan Shah And Co. Chartered Accountants,Ahmedabad,No,"₹ 9,000 - 11,000 /month",9000,11000,N/A,N/A,https://internshala.com/internship/detail/ca-article-assistant-internship-in-ahmedabad-at-malkan-shah-and-co-chartered-accountants1776435129
Business Development (Sales),Pallonji’s,Mumbai,No,"₹ 9,500 - 20,000 /month",9500,20000,N/A,N/A,https://internshala.com/internship/detail/business-development-sales-internship-in-mumbai-at-pallonjis1776411006
Digital Marketing,Evolve Back Resorts,Bangalore,No,"₹ 5,999 - 6,000 /month",5999,6000,N/A,1 week ago,https://internshala.com/internship/detail/digital-marketing-internship-in-bangalore-at-evolve-back-resorts1776337937
Business Development (Sales),Zebronics India Private Limited,"Ahmedabad, Chandigarh, Delhi, Ghaziabad, Indore, Ludhiana, Lucknow, Patna, Pune, Hyderabad, Bhopal, Mumbai, Noida, Raipur, Nagpur",No,"₹ 7,001 - 7,502 lump sum",7001,7502,N/A,1 week ago,https://internshala.com/internship/detail/business-development-sales-internship-in-multiple-locations-at-zebronics-india-private-limited1776318903
AI Operations,Paracoat Products Limited,Gurgaon,No,"₹ 20,000 - 30,000 /month",20000,30000,N/A,1 week ago,https://internshala.com/internship/detail/ai-operations-internship-in-gurgaon-at-paracoat-products-limited1776313810
Human Resources (HR),Katalyst Software Services Limited,Pune,No,"₹ 5,000 - 8,000 /month",5000,8000,N/A,1 week ago,https://internshala.com/internship/detail/human-resources-hr-internship-in-pune-at-katalyst-software-services-limited1776258461
Company Secretary (CS),Indifi Technologies Private Limited,Gurgaon,No,"₹ 10,000 - 15,000 /month",10000,15000,N/A,1 week ago,https://internshala.com/internship/detail/company-secretary-cs-internship-in-gurgaon-at-indifi-technologies-private-limited1776251021
Business Development (Sales),Shunya Digital,Work from home,Yes,"₹ 3,099 - 5,000 /month",3099,5000,N/A,1 week ago,https://internshala.com/internship/detail/work-from-home-business-development-sales-internship-at-shunya-digital1776256619
Cold Calling & Secondary Research,WWF-India,Delhi,No,Unpaid,0,0,N/A,1 week ago,https://internshala.com/internship/detail/cold-calling-secondary-research-internship-in-delhi-at-wwf-india1776243844
International Business Development,March26 Limited,Work from home,Yes,"₹ 10,000 /month",10000,10000,N/A,1 week ago,https://internshala.com/internship/detail/work-from-home-part-time-international-business-development-internship-at-march26-limited1776168722
Social Media Marketing,Polar Lifestyle Pvt Ltd,Mumbai,No,"₹ 17,000 - 27,500 /month",17000,27500,N/A,1 week ago,https://internshala.com/internship/detail/social-media-marketing-internship-in-mumbai-at-polar-lifestyle-pvt-ltd1776167924
Digital Marketing,Paracoat Products Limited,Gurgaon,No,"₹ 15,000 /month",15000,15000,N/A,1 week ago,https://internshala.com/internship/detail/digital-marketing-internship-in-gurgaon-at-paracoat-products-limited1776167801
Sales,Paracoat Products Limited,Gurgaon,No,"₹ 15,000 - 15,001 /month",15000,15001,N/A,1 week ago,https://internshala.com/internship/detail/sales-internship-in-gurgaon-at-paracoat-products-limited1776167058
Purchase Order Operations,Rebel Foods Private Limited,Mumbai,No,"₹ 15,000 - 25,000 /month",15000,25000,N/A,1 week ago,https://internshala.com/internship/detail/purchase-order-operations-internship-in-mumbai-at-rebel-foods-private-limited1776164249
Hotel Management (Operations),Haldiram Foods International Private Limited,Bangalore,No,"₹ 5,500 - 8,000 /month",5500,8000,N/A,1 week ago,https://internshala.com/internship/detail/part-time-hotel-management-operations-internship-in-bangalore-at-haldiram-foods-international-private-limited1776147107
Recruitment Consultant,V5 Global,Delhi,No,"₹ 4,000 - 7,000 /month",4000,7000,N/A,1 week ago,https://internshala.com/internship/detail/recruitment-consultant-internship-in-delhi-at-v5-global1776147001
Telecaller Cum Admin Executive,T.I.M.E.,Nagpur,No,"₹ 8,000 - 10,000 /month",8000,10000,N/A,1 week ago,https://internshala.com/internship/detail/part-time-telecaller-cum-admin-executive-internship-in-nagpur-at-time1776146131
Sales and Marketing,Gravita India Limited,Jaipur,No,"₹ 10,000 /month",10000,10000,N/A,1 week ago,https://internshala.com/internship/detail/sales-and-marketing-internship-in-jaipur-at-gravita-india-limited1776067309
Customer Service/Customer Support,Fitelo,Mohali,No,"₹ 13,000 - 15,000 /month",13000,15000,N/A,1 week ago,https://internshala.com/internship/detail/customer-service-customer-support-internship-in-mohali-at-fitelo1776065874
Graphic Designer,Greater Than Educational Technologies,Hyderabad,No,"₹ 10,000 - 15,000 /month",10000,15000,N/A,1 week ago,https://internshala.com/internship/detail/graphic-designer-internship-in-hyderabad-at-greater-than-educational-technologies1776071354
Social Media & Content,P&M,Gurgaon,No,"₹ 8,000 - 10,000 /month",8000,10000,N/A,1 week ago,https://internshala.com/internship/detail/social-media-content-internship-in-gurgaon-at-p-m1776054396
Graphic Design,Seeds Fincap Private Limited,Gurgaon,No,"₹ 2,000 - 10,000 /month",2000,10000,N/A,2 weeks ago,https://internshala.com/internship/detail/graphic-design-internship-in-gurgaon-at-seeds-fincap-private-limited1775821117
Inside Sales,PurpleTalk India Private Limited,Hyderabad,No,"₹ 10,000 /month",10000,10000,N/A,2 weeks ago,https://internshala.com/internship/detail/inside-sales-internship-in-hyderabad-at-purpletalk-india-private-limited1775818716
Business Strategy,VIZON,"Dehradun, Delhi, Bangalore",No,"₹ 8,000 - 16,000 /month",8000,16000,N/A,2 weeks ago,https://internshala.com/internship/detail/business-strategy-internship-in-multiple-locations-at-vizon1775788136
Retail,Sanspreils Greenlands Private Limited,Gurgaon,No,"₹ 8,000 - 15,000 /month",8000,15000,N/A,2 weeks ago,https://internshala.com/internship/detail/retail-internship-in-gurgaon-at-sanspreils-greenlands-pvt-ltd1775749072
Cinematography,Style Fashions,Delhi,No,"₹ 7,000 - 10,000 /month",7000,10000,N/A,2 weeks ago,https://internshala.com/internship/detail/cinematography-internship-in-delhi-at-style-fashions1775651340
Client Acquisition,Angel One (AP),Work from home,Yes,"₹ 1,000 - 20,000 /month",1000,20000,N/A,2 weeks ago,https://internshala.com/internship/detail/work-from-home-part-time-client-acquisition-internship-at-angel-one-ap1775638520
Content & E-Commerce Management,Kanha Creation,Delhi,No,"₹ 4,100 - 7,000 /month",4100,7000,N/A,2 weeks ago,https://internshala.com/internship/detail/content-e-commerce-management-internship-in-delhi-at-kanha-creation1775631968
Telecalling,Novo Learning Private Limited,Bangalore,No,"₹ 25,000 - 40,000 /month",25000,40000,N/A,2 weeks ago,https://internshala.com/internship/detail/telecalling-internship-in-bangalore-at-novo-learning-private-limited1775623522
UX/UI Design,VIZON,Work from home,Yes,"₹ 13,000 - 22,000 /month",13000,22000,N/A,2 weeks ago,https://internshala.com/internship/detail/work-from-home-ux-ui-design-internship-at-vizon1775623178
Embedded Systems,VIZON,Work from home,Yes,"₹ 14,000 - 22,000 /month",14000,22000,N/A,2 weeks ago,https://internshala.com/internship/detail/work-from-home-embedded-systems-internship-at-vizon1775608275
Backend Development,VIZON,Work from home,Yes,"₹ 11,000 - 17,000 /month",11000,17000,N/A,2 weeks ago,https://internshala.com/internship/detail/work-from-home-backend-development-internship-at-vizon1775608222
Software Development,VIZON,Work from home,Yes,"₹ 11,000 - 17,000 /month",11000,17000,N/A,2 weeks ago,https://internshala.com/internship/detail/work-from-home-software-development-internship-at-vizon1775608161
Front End Development,VIZON,Work from home,Yes,"₹ 12,000 - 20,000 /month",12000,20000,N/A,2 weeks ago,https://internshala.com/internship/detail/work-from-home-front-end-development-internship-at-vizon1775608135
Business Development (Sales),VIZON,Work from home,Yes,"₹ 11,000 - 21,000 /month",11000,21000,N/A,2 weeks ago,https://internshala.com/internship/detail/work-from-home-business-development-sales-internship-at-vizon1775608093
Finance,VIZON,Work from home,Yes,"₹ 11,900 - 21,000 /month",11900,21000,N/A,2 weeks ago,https://internshala.com/internship/detail/work-from-home-finance-internship-at-vizon1775608058
Creative Writing,VIZON,Work from home,Yes,"₹ 11,000 - 21,000 /month",11000,21000,N/A,2 weeks ago,https://internshala.com/internship/detail/work-from-home-creative-writing-internship-at-vizon1775608000
Artificial Intelligence (AI),VIZON,Work from home,Yes,"₹ 13,000 - 21,000 /month",13000,21000,N/A,2 weeks ago,https://internshala.com/internship/detail/work-from-home-artificial-intelligence-ai-internship-at-vizon1775607953
Social Media Marketing,VIZON,Work from home,Yes,"₹ 12,000 - 20,000 /month",12000,20000,N/A,2 weeks ago,https://internshala.com/internship/detail/work-from-home-social-media-marketing-internship-at-vizon1775607904
Customer Service/Customer Support,Arihant Publications,Noida,No,"₹ 12,000 - 15,000 /month",12000,15000,N/A,2 weeks ago,https://internshala.com/internship/detail/customer-service-customer-support-internship-in-noida-at-arihant-publications1775553927
Human Resources (HR),Zucol Services Private Limited,Jaipur,No,"₹ 5,500 - 9,500 /month",5500,9500,N/A,2 weeks ago,https://internshala.com/internship/detail/human-resources-hr-internship-in-jaipur-at-zucol-services-private-limited1775542027
Community Marketing,CareerNet Technologies Private Limited,Bangalore,No,"₹ 15,000 - 20,000 /month",15000,20000,N/A,2 weeks ago,https://internshala.com/internship/detail/community-marketing-internship-in-bangalore-at-careernet-technologies-private-limited1775544132
Digital Marketing,Shunya Digital,Work from home,Yes,"₹ 3,100 - 7,000 /month",3100,7000,N/A,2 weeks ago,https://internshala.com/internship/detail/work-from-home-digital-marketing-internship-at-shunya-digital1775505588
Graphic Design,Shunya Digital,Work from home,Yes,"₹ 4,100 - 12,000 /month",4100,12000,N/A,2 weeks ago,https://internshala.com/internship/detail/work-from-home-graphic-design-internship-at-shunya-digital1775505173
Business Development,NoBroker Technologies Solutions Private Limited,Bangalore,No,"₹ 24,000 /month",24000,24000,N/A,2 weeks ago,https://internshala.com/internship/detail/business-development-internship-in-bangalore-at-nobroker-technologies-solutions-private-limited1775493992
Videographer & Video Editor,Tanya Uttrani,Bangalore,No,"₹ 20,000 - 25,000 /month",20000,25000,N/A,2 weeks ago,https://internshala.com/internship/detail/part-time-videographer-video-editor-internship-in-bangalore-at-tanya-uttrani1775472228
Digital Marketing,CK Birla Healthcare Private Limited,Gurgaon,No,"₹ 18,000 - 18,001 /month",18000,18001,N/A,2 weeks ago,https://internshala.com/internship/detail/digital-marketing-internship-in-gurgaon-at-ck-birla-healthcare-private-limited1775461085
AI Agent Development,Shunya Digital,Work from home,Yes,"₹ 3,100 - 5,001 /month",3100,5001,N/A,2 weeks ago,https://internshala.com/internship/detail/work-from-home-ai-agent-development-internship-at-shunya-digital1775468274
Search Engine Optimization (SEO),Web Glaze Services,Mohali,No,"₹ 4,000 - 5,000 /month",4000,5000,N/A,2 weeks ago,https://internshala.com/internship/detail/search-engine-optimization-seo-internship-in-mohali-at-shikha-sharma1775455271
Digital Marketing,PATEL ENGINEERING COMPANY,"Pune, Pimpri-Chinchwad",No,"₹ 5,000 - 10,000 /month",5000,10000,N/A,2 weeks ago,https://internshala.com/internship/detail/digital-marketing-internship-in-multiple-locations-at-patel-engineering-company1775448891
Web Development,VIZON,"Dehradun, Bangalore",No,"₹ 12,000 - 20,000 /month",12000,20000,N/A,3 weeks ago,https://internshala.com/internship/detail/web-development-internship-in-multiple-locations-at-vizon1775221357
Game Development,VIZON,Work from home,Yes,"₹ 15,000 - 20,000 /month",15000,20000,N/A,3 weeks ago,https://internshala.com/internship/detail/work-from-home-game-development-internship-at-vizon1775220935
CAD Design,VIZON,"Dehradun, Bangalore",No,"₹ 11,000 - 20,000 /month",11000,20000,N/A,3 weeks ago,https://internshala.com/internship/detail/cad-design-internship-in-multiple-locations-at-vizon1775220493
Graphic Design,VIZON,Work from home,Yes,"₹ 10,500 - 20,000 /month",10500,20000,N/A,3 weeks ago,https://internshala.com/internship/detail/work-from-home-graphic-design-internship-at-vizon1775220347
Telecaller,Angel One (AP),Work from home,Yes,"₹ 2,000 - 10,000 /month",2000,10000,N/A,3 weeks ago,https://internshala.com/internship/detail/work-from-home-part-time-telecaller-internship-at-angel-one-ap1775215728
Curriculum Developer - English/EVS/History/Hindi,Ampersand Group: Vibgyor Group Of Schools,Mumbai,No,"₹ 15,000 - 20,000 /month",15000,20000,N/A,3 weeks ago,https://internshala.com/internship/detail/curriculum-developer-english-evs-history-hindi-internship-in-mumbai-at-ampersand-group-vibgyor-group-of-schools1775197663
Human Resources (HR),Community Action Through Motivation Program,Bhopal,No,"₹ 3,000 /month",3000,3000,N/A,3 weeks ago,https://internshala.com/internship/detail/human-resources-hr-internship-in-bhopal-at-community-action-through-motivation-program1775192825
Assistance Director (Video Ads & TV Advertising),Viacom India LLP,"Delhi, Gurgaon",No,"₹ 5,000 - 7,000 /month",5000,7000,N/A,3 weeks ago,https://internshala.com/internship/detail/assistance-director-video-ads-tv-advertising-internship-in-multiple-locations-at-viacom-india-llp1775192494
Video Editing/Making,Scaler Academy,Bangalore,No,"₹ 20,000 - 25,000 /month",20000,25000,N/A,3 weeks ago,https://internshala.com/internship/detail/video-editing-making-internship-in-bangalore-at-scaler-academy1775135988
Global Volunteering Intern,AIESEC India,Top international cities,No,Unpaid,0,0,N/A,3 weeks ago,https://internshala.com/internship/detail/global-volunteering-intern-internship-in-multiple-locations-at-aiesec-india1775133791
Global Talent Intern,AIESEC India,Top international cities,No,Unpaid,0,0,N/A,3 weeks ago,https://internshala.com/internship/detail/global-talent-intern-internship-in-multiple-locations-at-aiesec-india1775133195
Tech Support & Operations,FileSure India Private Limited,Work from home,Yes,"₹ 5,000 - 10,000 /month",5000,10000,N/A,3 weeks ago,https://internshala.com/internship/detail/work-from-home-tech-support-operations-internship-at-filesure-india-private-limited1775120738
Search Engine Optimization (SEO),Shunya Digital,Work from home,Yes,"₹ 3,500 - 5,001 /month",3500,5001,N/A,3 weeks ago,https://internshala.com/internship/detail/work-from-home-search-engine-optimization-seo-internship-at-shunya-digital1775116911
Human Resources (HR),Bharti Axa Life Insurance Company Limited,Mumbai,No,"₹ 15,000 - 20,000 /month",15000,20000,N/A,3 weeks ago,https://internshala.com/internship/detail/human-resources-hr-internship-in-mumbai-at-bharti-axa-life-insurance-company-limited1775113759
3D Designer,VIZON,Dehradun,No,"₹ 12,000 - 21,000 /month",12000,21000,N/A,3 weeks ago,https://internshala.com/internship/detail/3d-designer-internship-in-dehradun-at-vizon1775102608
Data Analytics,VIZON,Work from home,Yes,"₹ 10,000 - 17,000 /month",10000,17000,N/A,3 weeks ago,https://internshala.com/internship/detail/work-from-home-data-analytics-internship-at-vizon1775052817
Video Editing/Making,Shunya Digital,Work from home,Yes,"₹ 5,500 - 7,001 /month",5500,7001,N/A,3 weeks ago,https://internshala.com/internship/detail/work-from-home-video-editing-making-internship-at-shunya-digital1775039261
Marketing,Anderson Diagnostics And Lab,Chennai,No,"₹ 10,000 - 12,000 /month",10000,12000,N/A,3 weeks ago,https://internshala.com/internship/detail/marketing-internship-in-chennai-at-anderson-diagnostics-and-lab1775023965
Community Management,CK Birla Healthcare Private Limited,Gurgaon,No,"₹ 18,000 - 20,000 /month",18000,20000,N/A,3 weeks ago,https://internshala.com/internship/detail/community-management-internship-in-gurgaon-at-ck-birla-healthcare-private-limited1774982350
Recruitment,Vindhya E Infomedia Private Limited,Bangalore,No,"₹ 5,000 - 8,000 /month",5000,8000,N/A,3 weeks ago,https://internshala.com/internship/detail/recruitment-internship-in-bangalore-at-vindhya-e-infomedia-private-limited1774973727
Sales,NoBroker Technologies Solutions Private Limited,"Faridabad, Delhi, Gurgaon, Noida",No,"₹ 8,000 - 20,000 /month",8000,20000,N/A,3 weeks ago,https://internshala.com/internship/detail/sales-internship-in-multiple-locations-at-nobroker-technologies-solutions-private-limited1774972622
Video Editing/Making,Vaibhav Global Limited,Jaipur,No,"₹ 12,000 - 14,000 /month",12000,14000,N/A,3 weeks ago,https://internshala.com/internship/detail/video-editing-making-internship-in-jaipur-at-vaibhav-global-limited1774935730
Campus Ambassador,LeapScholar,Jaipur,No,Performance Based,0,0,N/A,3 weeks ago,https://internshala.com/internship/detail/campus-ambassador-programme-at-leapscholar1774940937
Linux Engineer,VIZON,Dehradun,No,"₹ 12,000 - 23,000 /month",12000,23000,N/A,3 weeks ago,https://internshala.com/internship/detail/linux-engineer-internship-in-dehradun-at-vizon1774931353
Animation,VIZON,Dehradun,No,"₹ 14,000 - 26,000 /month",14000,26000,N/A,3 weeks ago,https://internshala.com/internship/detail/animation-internship-in-dehradun-at-vizon1774908772
B. Pharmacy,Pulse Pharmaceuticals,Hyderabad,No,"₹ 15,000 - 20,000 /month",15000,20000,N/A,3 weeks ago,https://internshala.com/internship/detail/b-pharmacy-internship-in-hyderabad-at-pulse-pharmaceuticals1774870658
Digital Marketing,Susa Nuts Private Limited,Ludhiana,No,"₹ 8,000 - 14,000 /month",8000,14000,N/A,3 weeks ago,https://internshala.com/internship/detail/digital-marketing-internship-in-ludhiana-at-susa-nuts-private-limited1774869298
Social Media Marketing,Visual Eyes Films,Hyderabad,No,"₹ 5,000 - 15,000 /month",5000,15000,N/A,3 weeks ago,https://internshala.com/internship/detail/social-media-marketing-internship-in-hyderabad-at-visual-eyes-films1774699845
Tele Sales Coordinator,Web Glaze Services,Delhi,No,"₹ 5,000 - 10,000 /month",5000,10000,N/A,3 weeks ago,https://internshala.com/internship/detail/tele-sales-coordinator-internship-in-delhi-at-web-glaze-services1774700732
